"satellite - length","satellite - pop","uplift - length","uplift - pop","delta - length","delta - pop","city (high) - length","city (high) - pop","city (low) - length","city (low) - pop"
3.1764982044336,3.83752436133446,-0.844233960632176,-0.251023133154536,0.10191494901559,1.61860573431209,0.110360275053809,4.82820893266474,0.0776423332157435,2.74606834222623
